﻿<?xml version="1.0" encoding="utf-8" ?>
<c2eventsheet>
    <!--All the 'name' attributes are ignored by Construct 2 - they are there for readability only.-->
    <name>Event sheet 2</name>
    <events>
        <include>MainSheet</include>
        <event-block sid="2534292969926758">
            <conditions>
                <condition id="-14" name="Compare variable" sid="4582474516613915" type="System">
                    <param id="0" name="Variable">LevelComplete</param>
                    <param id="1" name="Comparison">0</param>
                    <param id="2" name="Value">1</param>
                </condition>
            </conditions>
            <actions>
                <action id="2" name="Set at X" sid="4156361941558279" type="Unlocked">
                    <param id="0" name="X">3</param>
                    <param id="1" name="Value">1</param>
                </action>
            </actions>
            <sub-events>
                <event-block sid="4994111391445188">
                    <conditions>
                        <condition id="-14" name="Compare variable" sid="4959988981301688" type="System">
                            <param id="0" name="Variable">BallsUsed</param>
                            <param id="1" name="Comparison">0</param>
                            <param id="2" name="Value">1</param>
                        </condition>
                    </conditions>
                    <actions>
                        <action id="2" name="Set at X" sid="1177132393024168" type="Stars">
                            <param id="0" name="X">2</param>
                            <param id="1" name="Value">3</param>
                        </action>
                        <action id="5" name="Set frame" sid="9869411880207864" type="LevelStars">
                            <param id="0" name="Frame number">0</param>
                        </action>
                    </actions>
                </event-block>
                <event-block sid="7528669206306323">
                    <conditions>
                        <condition id="-14" name="Compare variable" sid="7745893933243634" type="System">
                            <param id="0" name="Variable">BallsUsed</param>
                            <param id="1" name="Comparison">0</param>
                            <param id="2" name="Value">2</param>
                        </condition>
                    </conditions>
                    <actions>
                        <action id="2" name="Set at X" sid="4964823594739824" type="Stars">
                            <param id="0" name="X">2</param>
                            <param id="1" name="Value">2</param>
                        </action>
                        <action id="5" name="Set frame" sid="8991835165371192" type="LevelStars">
                            <param id="0" name="Frame number">2</param>
                        </action>
                    </actions>
                </event-block>
                <event-block sid="6464659220985194">
                    <conditions>
                        <condition id="-14" name="Compare variable" sid="2502678136685904" type="System">
                            <param id="0" name="Variable">BallsUsed</param>
                            <param id="1" name="Comparison">5</param>
                            <param id="2" name="Value">3</param>
                        </condition>
                    </conditions>
                    <actions>
                        <action id="2" name="Set at X" sid="2863984869140813" type="Stars">
                            <param id="0" name="X">2</param>
                            <param id="1" name="Value">1</param>
                        </action>
                        <action id="5" name="Set frame" sid="8025103198488031" type="LevelStars">
                            <param id="0" name="Frame number">1</param>
                        </action>
                    </actions>
                </event-block>
            </sub-events>
        </event-block>
    </events>
</c2eventsheet>
