﻿<?xml version="1.0" encoding="utf-8" ?>
<c2eventsheet>
    <!--All the 'name' attributes are ignored by Construct 2 - they are there for readability only.-->
    <name>Event sheet 16</name>
    <events>
        <include>MainSheet</include>
        <event-block sid="8681621500758203">
            <conditions>
                <condition id="-14" name="Compare variable" sid="8388790802294874" type="System">
                    <param id="0" name="Variable">LevelComplete</param>
                    <param id="1" name="Comparison">0</param>
                    <param id="2" name="Value">1</param>
                </condition>
            </conditions>
            <actions>
                <action id="2" name="Set at X" sid="5813822196980598" type="Unlocked">
                    <param id="0" name="X">17</param>
                    <param id="1" name="Value">1</param>
                </action>
            </actions>
            <sub-events>
                <event-block sid="8903951940975589">
                    <conditions>
                        <condition id="-14" name="Compare variable" sid="7637979109173156" type="System">
                            <param id="0" name="Variable">BallsUsed</param>
                            <param id="1" name="Comparison">0</param>
                            <param id="2" name="Value">1</param>
                        </condition>
                    </conditions>
                    <actions>
                        <action id="2" name="Set at X" sid="4159965743056405" type="Stars">
                            <param id="0" name="X">16</param>
                            <param id="1" name="Value">3</param>
                        </action>
                        <action id="5" name="Set frame" sid="8886155214201885" type="LevelStars">
                            <param id="0" name="Frame number">0</param>
                        </action>
                    </actions>
                </event-block>
                <event-block sid="8829775389460219">
                    <conditions>
                        <condition id="-14" name="Compare variable" sid="8626538931073834" type="System">
                            <param id="0" name="Variable">BallsUsed</param>
                            <param id="1" name="Comparison">0</param>
                            <param id="2" name="Value">2</param>
                        </condition>
                    </conditions>
                    <actions>
                        <action id="2" name="Set at X" sid="5507177671179307" type="Stars">
                            <param id="0" name="X">16</param>
                            <param id="1" name="Value">2</param>
                        </action>
                        <action id="5" name="Set frame" sid="5399893467855544" type="LevelStars">
                            <param id="0" name="Frame number">2</param>
                        </action>
                    </actions>
                </event-block>
                <event-block sid="8765610310647396">
                    <conditions>
                        <condition id="-14" name="Compare variable" sid="4782927069764305" type="System">
                            <param id="0" name="Variable">BallsUsed</param>
                            <param id="1" name="Comparison">5</param>
                            <param id="2" name="Value">3</param>
                        </condition>
                    </conditions>
                    <actions>
                        <action id="2" name="Set at X" sid="8542071649263505" type="Stars">
                            <param id="0" name="X">16</param>
                            <param id="1" name="Value">1</param>
                        </action>
                        <action id="5" name="Set frame" sid="4576723442197376" type="LevelStars">
                            <param id="0" name="Frame number">1</param>
                        </action>
                    </actions>
                </event-block>
            </sub-events>
        </event-block>
        <event-block sid="8223698860771881">
            <conditions>
                <condition id="0" name="On collision with another object" sid="7402012313668059" type="ball">
                    <param id="0" name="Object">PEnter</param>
                </condition>
            </conditions>
            <actions>
                <action id="-3" name="Set position" sid="9408986101073964" type="ball">
                    <param id="0" name="X">PExit.X</param>
                    <param id="1" name="Y">PExit.Y</param>
                </action>
            </actions>
        </event-block>
    </events>
</c2eventsheet>
