﻿<?xml version="1.0" encoding="utf-8" ?>
<c2eventsheet>
    <!--All the 'name' attributes are ignored by Construct 2 - they are there for readability only.-->
    <name>Event sheet 7</name>
    <events>
        <include>MainSheet</include>
        <event-block sid="4658424261442831">
            <conditions>
                <condition id="-14" name="Compare variable" sid="8818474299173872" type="System">
                    <param id="0" name="Variable">LevelComplete</param>
                    <param id="1" name="Comparison">0</param>
                    <param id="2" name="Value">1</param>
                </condition>
            </conditions>
            <actions>
                <action id="2" name="Set at X" sid="7481967894817092" type="Unlocked">
                    <param id="0" name="X">8</param>
                    <param id="1" name="Value">1</param>
                </action>
            </actions>
            <sub-events>
                <event-block sid="958578929727833">
                    <conditions>
                        <condition id="-14" name="Compare variable" sid="8532184542128309" type="System">
                            <param id="0" name="Variable">BallsUsed</param>
                            <param id="1" name="Comparison">0</param>
                            <param id="2" name="Value">1</param>
                        </condition>
                    </conditions>
                    <actions>
                        <action id="2" name="Set at X" sid="8952153273557445" type="Stars">
                            <param id="0" name="X">7</param>
                            <param id="1" name="Value">3</param>
                        </action>
                        <action id="5" name="Set frame" sid="3835222114338193" type="LevelStars">
                            <param id="0" name="Frame number">0</param>
                        </action>
                    </actions>
                </event-block>
                <event-block sid="7626470336536138">
                    <conditions>
                        <condition id="-14" name="Compare variable" sid="5044630993276427" type="System">
                            <param id="0" name="Variable">BallsUsed</param>
                            <param id="1" name="Comparison">0</param>
                            <param id="2" name="Value">2</param>
                        </condition>
                    </conditions>
                    <actions>
                        <action id="2" name="Set at X" sid="7183867494883308" type="Stars">
                            <param id="0" name="X">7</param>
                            <param id="1" name="Value">2</param>
                        </action>
                        <action id="5" name="Set frame" sid="4917686132528104" type="LevelStars">
                            <param id="0" name="Frame number">2</param>
                        </action>
                    </actions>
                </event-block>
                <event-block sid="5146444294008174">
                    <conditions>
                        <condition id="-14" name="Compare variable" sid="1258769496139994" type="System">
                            <param id="0" name="Variable">BallsUsed</param>
                            <param id="1" name="Comparison">5</param>
                            <param id="2" name="Value">3</param>
                        </condition>
                    </conditions>
                    <actions>
                        <action id="2" name="Set at X" sid="3369710233417295" type="Stars">
                            <param id="0" name="X">7</param>
                            <param id="1" name="Value">1</param>
                        </action>
                        <action id="5" name="Set frame" sid="2350383917730845" type="LevelStars">
                            <param id="0" name="Frame number">1</param>
                        </action>
                    </actions>
                </event-block>
            </sub-events>
        </event-block>
    </events>
</c2eventsheet>
