﻿<?xml version="1.0" encoding="utf-8" ?>
<c2eventsheet>
    <!--All the 'name' attributes are ignored by Construct 2 - they are there for readability only.-->
    <name>Event sheet 26</name>
    <events>
        <include>MainSheet</include>
        <event-block sid="8782322367050826">
            <conditions>
                <condition id="-14" name="Compare variable" sid="1491726251292012" type="System">
                    <param id="0" name="Variable">LevelComplete</param>
                    <param id="1" name="Comparison">0</param>
                    <param id="2" name="Value">1</param>
                </condition>
            </conditions>
            <actions>
                <action id="2" name="Set at X" sid="2581579320447793" type="Unlocked">
                    <param id="0" name="X">27</param>
                    <param id="1" name="Value">1</param>
                </action>
            </actions>
            <sub-events>
                <event-block sid="8314124651255712">
                    <conditions>
                        <condition id="-14" name="Compare variable" sid="4944098774642667" type="System">
                            <param id="0" name="Variable">BallsUsed</param>
                            <param id="1" name="Comparison">3</param>
                            <param id="2" name="Value">2</param>
                        </condition>
                    </conditions>
                    <actions>
                        <action id="2" name="Set at X" sid="2893299940353052" type="Stars">
                            <param id="0" name="X">26</param>
                            <param id="1" name="Value">3</param>
                        </action>
                        <action id="5" name="Set frame" sid="6376680467294016" type="LevelStars">
                            <param id="0" name="Frame number">0</param>
                        </action>
                    </actions>
                </event-block>
                <event-block sid="3187319988239835">
                    <conditions>
                        <condition id="-14" name="Compare variable" sid="3138309885410076" type="System">
                            <param id="0" name="Variable">BallsUsed</param>
                            <param id="1" name="Comparison">0</param>
                            <param id="2" name="Value">3</param>
                        </condition>
                    </conditions>
                    <actions>
                        <action id="2" name="Set at X" sid="6541222814944214" type="Stars">
                            <param id="0" name="X">26</param>
                            <param id="1" name="Value">2</param>
                        </action>
                        <action id="5" name="Set frame" sid="1928272153986889" type="LevelStars">
                            <param id="0" name="Frame number">2</param>
                        </action>
                    </actions>
                </event-block>
                <event-block sid="789856976500586">
                    <conditions>
                        <condition id="-14" name="Compare variable" sid="8795435676684691" type="System">
                            <param id="0" name="Variable">BallsUsed</param>
                            <param id="1" name="Comparison">5</param>
                            <param id="2" name="Value">4</param>
                        </condition>
                    </conditions>
                    <actions>
                        <action id="2" name="Set at X" sid="362754065499796" type="Stars">
                            <param id="0" name="X">26</param>
                            <param id="1" name="Value">1</param>
                        </action>
                        <action id="5" name="Set frame" sid="9005619489626741" type="LevelStars">
                            <param id="0" name="Frame number">1</param>
                        </action>
                    </actions>
                </event-block>
            </sub-events>
        </event-block>
        <event-block sid="2707741772082652">
            <conditions>
                <condition id="-6" name="Every X seconds" sid="5962191926459458" type="System">
                    <param id="0" name="Interval (seconds)">0.2</param>
                </condition>
            </conditions>
            <actions>
                <action id="-3" name="Create object" sid="8621516534460997" type="System">
                    <param id="0" name="Object to create">Box</param>
                    <param id="1" name="Layer">2</param>
                    <param id="2" name="X">325</param>
                    <param id="3" name="Y">0</param>
                </action>
                <action id="-16" name="Wait" sid="9353283810453327" type="System">
                    <param id="0" name="Seconds">2</param>
                </action>
                <action id="-9" name="Destroy" sid="5218914789666741" type="Box" />
            </actions>
        </event-block>
        <event-block sid="974245020229938">
            <conditions>
                <condition id="0" name="On collision with another object" sid="6519853457240138" type="ball">
                    <param id="0" name="Object">Box</param>
                </condition>
            </conditions>
            <actions>
                <action id="-9" name="Destroy" sid="7556314586132046" type="ball" />
            </actions>
        </event-block>
        <event-block sid="459232969255462">
            <conditions>
                <condition id="0" name="On collision with another object" sid="5868811589002021" type="ball">
                    <param id="0" name="Object">Switch</param>
                </condition>
            </conditions>
            <actions>
                <action id="5" name="Set frame" sid="476921904020741" type="Switch">
                    <param id="0" name="Frame number">1</param>
                </action>
                <action behavior="Physics" id="12" name="Set world gravity" sid="4680487662374907" type="Boundary">
                    <param id="0" name="Gravity">0</param>
                </action>
            </actions>
        </event-block>
    </events>
</c2eventsheet>
