﻿<?xml version="1.0" encoding="utf-8" ?>
<c2eventsheet>
    <!--All the 'name' attributes are ignored by Construct 2 - they are there for readability only.-->
    <name>Event sheet 17</name>
    <events>
        <include>MainSheet</include>
        <event-block sid="7069169944418254">
            <conditions>
                <condition id="-14" name="Compare variable" sid="7737744127804751" type="System">
                    <param id="0" name="Variable">LevelComplete</param>
                    <param id="1" name="Comparison">0</param>
                    <param id="2" name="Value">1</param>
                </condition>
            </conditions>
            <actions>
                <action id="2" name="Set at X" sid="2730956584209189" type="Unlocked">
                    <param id="0" name="X">18</param>
                    <param id="1" name="Value">1</param>
                </action>
            </actions>
            <sub-events>
                <event-block sid="8203594387789383">
                    <conditions>
                        <condition id="-14" name="Compare variable" sid="7578420229102476" type="System">
                            <param id="0" name="Variable">BallsUsed</param>
                            <param id="1" name="Comparison">0</param>
                            <param id="2" name="Value">1</param>
                        </condition>
                    </conditions>
                    <actions>
                        <action id="2" name="Set at X" sid="4176844826293694" type="Stars">
                            <param id="0" name="X">17</param>
                            <param id="1" name="Value">3</param>
                        </action>
                        <action id="5" name="Set frame" sid="6051139397493644" type="LevelStars">
                            <param id="0" name="Frame number">0</param>
                        </action>
                    </actions>
                </event-block>
                <event-block sid="6495044157907432">
                    <conditions>
                        <condition id="-14" name="Compare variable" sid="2642669015863128" type="System">
                            <param id="0" name="Variable">BallsUsed</param>
                            <param id="1" name="Comparison">0</param>
                            <param id="2" name="Value">2</param>
                        </condition>
                    </conditions>
                    <actions>
                        <action id="2" name="Set at X" sid="3017286956541887" type="Stars">
                            <param id="0" name="X">17</param>
                            <param id="1" name="Value">2</param>
                        </action>
                        <action id="5" name="Set frame" sid="9264210038984072" type="LevelStars">
                            <param id="0" name="Frame number">2</param>
                        </action>
                    </actions>
                </event-block>
                <event-block sid="4509972363543026">
                    <conditions>
                        <condition id="-14" name="Compare variable" sid="1740466138247135" type="System">
                            <param id="0" name="Variable">BallsUsed</param>
                            <param id="1" name="Comparison">5</param>
                            <param id="2" name="Value">3</param>
                        </condition>
                    </conditions>
                    <actions>
                        <action id="2" name="Set at X" sid="6291164207995374" type="Stars">
                            <param id="0" name="X">17</param>
                            <param id="1" name="Value">1</param>
                        </action>
                        <action id="5" name="Set frame" sid="9591260170611716" type="LevelStars">
                            <param id="0" name="Frame number">1</param>
                        </action>
                    </actions>
                </event-block>
            </sub-events>
        </event-block>
        <event-block sid="7069031742174938">
            <conditions>
                <condition id="0" name="On collision with another object" sid="9935005474952127" type="ball">
                    <param id="0" name="Object">PEnter</param>
                </condition>
            </conditions>
            <actions>
                <action id="-3" name="Set position" sid="164111381527453" type="ball">
                    <param id="0" name="X">PExit.X</param>
                    <param id="1" name="Y">PExit.Y</param>
                </action>
                <action id="-16" name="Wait" sid="5387869877749668" type="System">
                    <param id="0" name="Seconds">0.1</param>
                </action>
                <action behavior="Physics" id="1" name="Apply force towards position" sid="1276967721462484" type="ball">
                    <param id="0" name="Force">random(40,50)</param>
                    <param id="1" name="X">random(Joker.X-20,Joker.X+20)</param>
                    <param id="2" name="Y">random(Joker.Y-20,Joker.Y+20)</param>
                    <param id="3" name="Image point">0</param>
                </action>
            </actions>
        </event-block>
    </events>
</c2eventsheet>
